year,cmo_no,cmo_reference,title,category,url,file_size_bytes,page_count,is_ocr_needed,is_corrupted,status
2006,14,"CMO 14, series of 2006, “Policies Standards and Guidelines for Medical Technology Education","CMO 14, series of 2006, “Policies Standards and Guidelines for Medical Technology Education",administrative_governance,https://legacy.ched.gov.ph/wp-content/uploads/2017/10/CMO-No.14-s2006.pdf,1544123,73,false,false,downloaded
2006,33,"CMO 33, series of 2006, “Policies Standards and Guidelines for Dental Education","CMO 33, series of 2006, “Policies Standards and Guidelines for Dental Education",administrative_governance,https://legacy.ched.gov.ph/wp-content/uploads/2017/10/CMO-No.33-s2006.pdf,1788392,56,false,false,downloaded
2006,18,"CMO 18, series of 2006, “Policies Standards and Guidelines for Radiologic Technology Education","CMO 18, series of 2006, “Policies Standards and Guidelines for Radiologic Technology Education",curriculum_program,https://legacy.ched.gov.ph/wp-content/uploads/2017/10/CMO-No.18-s2006.pdf,562630,70,false,false,downloaded
2006,30,"CMO 30, series of 2006, “Policies and Standards for Bachelor in Science in Tourism Management (BSMT)/ Bachelor of Science in Hospitality Management (BSHM)/ Bachelor of Science in Hotel and Restaurant Management (BSHRM)/ Bachelor of Science in Travel Management (BSTrM)","CMO 30, series of 2006, “Policies and Standards for Bachelor in Science in Tourism Management (BSMT)/ Bachelor of Science in Hospitality Management (BSHM)/ Bachelor of Science in Hotel and Restaurant Management (BSHRM)/ Bachelor of Science in Travel Management (BSTrM)",curriculum_program,https://legacy.ched.gov.ph/wp-content/uploads/2017/10/CMO-No.30-s2006.pdf,550526,53,false,false,downloaded
2007,10,"CMO No. 10, Series of 2007",Implementing Guidelines for the Identification Support and Development of Centers of Excellence (COEs) and Centers of Development (CODs) for Business and Management,curriculum_college,https://legacy.ched.gov.ph/wp-content/uploads/2017/10/CMO-No.10-s2007.pdf,306526,30,false,false,downloaded
2012,39,"CMO No. 39, Series of 2012","Implementing Guidelines for the Identification, Support and Development of Centers of Excellence and Centers of Development for the Broadcasting Program",curriculum_college,https://legacy.ched.gov.ph/wp-content/uploads/2017/10/CMO-No.39-s2012.pdf,1668341,23,false,false,downloaded
2016,22,"CMO No. 22, Series of 2016",Guidelines for Foreign Scholarships for Graduate Studies for Faculty and Staff during the K to 12 Transition Period,scholarship_student_services,https://legacy.ched.gov.ph/wp-content/uploads/2017/10/CMO-22-s.-2016.pdf,784121,19,false,false,downloaded
2015,18,"CMO No. 18, Series of 2015",Guidelines for CHED Research Chair Award,faculty_development,https://legacy.ched.gov.ph/wp-content/uploads/2017/10/CMO-no.-18-s.-2015.pdf,1931434,3,false,false,downloaded
2016,29,"CMO No. 29, Series of 2016",First Batch of Approved Nominees for IRSE Grants for the First Semester of AY 2016-2017,faculty_development,https://legacy.ched.gov.ph/wp-content/uploads/2017/10/CMO-29-s.-2016.pdf,4440163,10,false,false,downloaded
2017,66,"CMO No. 66, Series of 2017",CHED JIP recognized Journals (Batch 2),research_journals,https://legacy.ched.gov.ph/wp-content/uploads/2017/10/CMO-66-s-2017.pdf,57124,2,false,false,downloaded
