program_code,program_name,cmo_year,cmo_no,cmo_reference,cmo_ver,academic_year,year_level,semester,course_code,course_title,lec_hours,lab_hours,units,prerequisites,classification,competency_tags,extraction_method,source,source_pdf,verified,inferred_fields,cmo_grounded_fields,review_notes
BSCPE,Bachelor of Science in Computer Engineering,2017,87,"CMO No. 87, Series of 2017",2017-87,AY 2018-2019,1,1,MATH101,Calculus 1,3,0,3,,shared_major,calculus|limits|differentiation,canonical,ched_cmo,downloads/2017/CMO-87-s.-2017-BS-Computer-Engineering.pdf,false,course_code|classification|competency_tags,year_level|semester|course_title|lec_hours|lab_hours|units|prerequisites|cmo_reference|cmo_ver,course_code/classification/competency_tags are NOT in CMO 87; double-check before SAGE prod seed
BSCPE,Bachelor of Science in Computer Engineering,2017,87,"CMO No. 87, Series of 2017",2017-87,AY 2018-2019,1,1,CHEM101,Chemistry for Engineers,3,3,4,,shared_major,chemistry|engineering science,canonical,ched_cmo,downloads/2017/CMO-87-s.-2017-BS-Computer-Engineering.pdf,false,course_code|classification|competency_tags,year_level|semester|course_title|lec_hours|lab_hours|units|prerequisites|cmo_reference|cmo_ver,course_code/classification/competency_tags are NOT in CMO 87; double-check before SAGE prod seed
BSCPE,Bachelor of Science in Computer Engineering,2017,87,"CMO No. 87, Series of 2017",2017-87,AY 2018-2019,1,1,CPE100,Computer Engineering as a Discipline,1,0,1,,program_specific,computer engineering|profession,canonical,ched_cmo,downloads/2017/CMO-87-s.-2017-BS-Computer-Engineering.pdf,false,course_code|classification|competency_tags,year_level|semester|course_title|lec_hours|lab_hours|units|prerequisites|cmo_reference|cmo_ver,course_code/classification/competency_tags are NOT in CMO 87; double-check before SAGE prod seed
BSCPE,Bachelor of Science in Computer Engineering,2017,87,"CMO No. 87, Series of 2017",2017-87,AY 2018-2019,1,1,CPE101,Programming Logic and Design,0,6,2,,program_specific,programming|logic|algorithms,canonical,ched_cmo,downloads/2017/CMO-87-s.-2017-BS-Computer-Engineering.pdf,false,course_code|classification|competency_tags,year_level|semester|course_title|lec_hours|lab_hours|units|prerequisites|cmo_reference|cmo_ver,course_code/classification/competency_tags are NOT in CMO 87; double-check before SAGE prod seed
BSCPE,Bachelor of Science in Computer Engineering,2017,87,"CMO No. 87, Series of 2017",2017-87,AY 2018-2019,1,1,GEC101,Mathematics in the Modern World,3,0,3,,core_gened,mathematics|modern world,canonical,ched_cmo,downloads/2017/CMO-87-s.-2017-BS-Computer-Engineering.pdf,false,course_code|classification|competency_tags,year_level|semester|course_title|lec_hours|lab_hours|units|prerequisites|cmo_reference|cmo_ver,course_code/classification/competency_tags are NOT in CMO 87; double-check before SAGE prod seed
BSCPE,Bachelor of Science in Computer Engineering,2017,87,"CMO No. 87, Series of 2017",2017-87,AY 2018-2019,1,1,GEC102,"Science, Technology, and Society",3,0,3,,core_gened,science|technology|society,canonical,ched_cmo,downloads/2017/CMO-87-s.-2017-BS-Computer-Engineering.pdf,false,course_code|classification|competency_tags,year_level|semester|course_title|lec_hours|lab_hours|units|prerequisites|cmo_reference|cmo_ver,course_code/classification/competency_tags are NOT in CMO 87; double-check before SAGE prod seed
BSCPE,Bachelor of Science in Computer Engineering,2017,87,"CMO No. 87, Series of 2017",2017-87,AY 2018-2019,1,1,GEC103,Understanding the Self,3,0,3,,core_gened,psychology|self,canonical,ched_cmo,downloads/2017/CMO-87-s.-2017-BS-Computer-Engineering.pdf,false,course_code|classification|competency_tags,year_level|semester|course_title|lec_hours|lab_hours|units|prerequisites|cmo_reference|cmo_ver,course_code/classification/competency_tags are NOT in CMO 87; double-check before SAGE prod seed
BSCPE,Bachelor of Science in Computer Engineering,2017,87,"CMO No. 87, Series of 2017",2017-87,AY 2018-2019,1,1,PE101,Physical Education 1,2,0,2,,core_gened,physical education,canonical,ched_cmo,downloads/2017/CMO-87-s.-2017-BS-Computer-Engineering.pdf,false,course_code|classification|competency_tags,year_level|semester|course_title|lec_hours|lab_hours|units|prerequisites|cmo_reference|cmo_ver,course_code/classification/competency_tags are NOT in CMO 87; double-check before SAGE prod seed
BSCPE,Bachelor of Science in Computer Engineering,2017,87,"CMO No. 87, Series of 2017",2017-87,AY 2018-2019,1,1,NSTP101,National Service Training Program 1,3,0,3,,core_gened,nstp|national service,canonical,ched_cmo,downloads/2017/CMO-87-s.-2017-BS-Computer-Engineering.pdf,false,course_code|classification|competency_tags,year_level|semester|course_title|lec_hours|lab_hours|units|prerequisites|cmo_reference|cmo_ver,course_code/classification/competency_tags are NOT in CMO 87; double-check before SAGE prod seed
BSCPE,Bachelor of Science in Computer Engineering,2017,87,"CMO No. 87, Series of 2017",2017-87,AY 2018-2019,1,2,MATH102,Calculus 2,3,0,3,Calculus 1,shared_major,calculus|integration,canonical,ched_cmo,downloads/2017/CMO-87-s.-2017-BS-Computer-Engineering.pdf,false,course_code|classification|competency_tags,year_level|semester|course_title|lec_hours|lab_hours|units|prerequisites|cmo_reference|cmo_ver,course_code/classification/competency_tags are NOT in CMO 87; double-check before SAGE prod seed
BSCPE,Bachelor of Science in Computer Engineering,2017,87,"CMO No. 87, Series of 2017",2017-87,AY 2018-2019,1,2,PHYS101,Physics for Engineers,3,3,4,Calculus 1,shared_major,physics|mechanics,canonical,ched_cmo,downloads/2017/CMO-87-s.-2017-BS-Computer-Engineering.pdf,false,course_code|classification|competency_tags,year_level|semester|course_title|lec_hours|lab_hours|units|prerequisites|cmo_reference|cmo_ver,course_code/classification/competency_tags are NOT in CMO 87; double-check before SAGE prod seed
BSCPE,Bachelor of Science in Computer Engineering,2017,87,"CMO No. 87, Series of 2017",2017-87,AY 2018-2019,1,2,CPE102,Object Oriented Programming,0,6,2,Programming Logic and Design,program_specific,oop|programming,canonical,ched_cmo,downloads/2017/CMO-87-s.-2017-BS-Computer-Engineering.pdf,false,course_code|classification|competency_tags,year_level|semester|course_title|lec_hours|lab_hours|units|prerequisites|cmo_reference|cmo_ver,course_code/classification/competency_tags are NOT in CMO 87; double-check before SAGE prod seed
BSCPE,Bachelor of Science in Computer Engineering,2017,87,"CMO No. 87, Series of 2017",2017-87,AY 2018-2019,1,2,MATH103,Engineering Data Analysis,3,0,3,Calculus 1,shared_major,statistics|data analysis,canonical,ched_cmo,downloads/2017/CMO-87-s.-2017-BS-Computer-Engineering.pdf,false,course_code|classification|competency_tags,year_level|semester|course_title|lec_hours|lab_hours|units|prerequisites|cmo_reference|cmo_ver,course_code/classification/competency_tags are NOT in CMO 87; double-check before SAGE prod seed
BSCPE,Bachelor of Science in Computer Engineering,2017,87,"CMO No. 87, Series of 2017",2017-87,AY 2018-2019,1,2,MATH104,Discrete Mathematics,3,0,3,Calculus 1,shared_major,discrete math|logic,canonical,ched_cmo,downloads/2017/CMO-87-s.-2017-BS-Computer-Engineering.pdf,false,course_code|classification|competency_tags,year_level|semester|course_title|lec_hours|lab_hours|units|prerequisites|cmo_reference|cmo_ver,course_code/classification/competency_tags are NOT in CMO 87; double-check before SAGE prod seed
BSCPE,Bachelor of Science in Computer Engineering,2017,87,"CMO No. 87, Series of 2017",2017-87,AY 2018-2019,1,2,GEC104,Readings in Philippine History,3,0,3,,core_gened,philippine history,canonical,ched_cmo,downloads/2017/CMO-87-s.-2017-BS-Computer-Engineering.pdf,false,course_code|classification|competency_tags,year_level|semester|course_title|lec_hours|lab_hours|units|prerequisites|cmo_reference|cmo_ver,course_code/classification/competency_tags are NOT in CMO 87; double-check before SAGE prod seed
BSCPE,Bachelor of Science in Computer Engineering,2017,87,"CMO No. 87, Series of 2017",2017-87,AY 2018-2019,1,2,PE102,Physical Education 2,2,0,2,Physical Education 1,core_gened,physical education,canonical,ched_cmo,downloads/2017/CMO-87-s.-2017-BS-Computer-Engineering.pdf,false,course_code|classification|competency_tags,year_level|semester|course_title|lec_hours|lab_hours|units|prerequisites|cmo_reference|cmo_ver,course_code/classification/competency_tags are NOT in CMO 87; double-check before SAGE prod seed
BSCPE,Bachelor of Science in Computer Engineering,2017,87,"CMO No. 87, Series of 2017",2017-87,AY 2018-2019,1,2,NSTP102,National Service Training Program 2,3,0,3,National Service Training Program 1,core_gened,nstp|national service,canonical,ched_cmo,downloads/2017/CMO-87-s.-2017-BS-Computer-Engineering.pdf,false,course_code|classification|competency_tags,year_level|semester|course_title|lec_hours|lab_hours|units|prerequisites|cmo_reference|cmo_ver,course_code/classification/competency_tags are NOT in CMO 87; double-check before SAGE prod seed
BSCPE,Bachelor of Science in Computer Engineering,2017,87,"CMO No. 87, Series of 2017",2017-87,AY 2018-2019,2,1,MATH201,Differential Equations,3,0,3,Calculus 2,shared_major,differential equations|modeling,canonical,ched_cmo,downloads/2017/CMO-87-s.-2017-BS-Computer-Engineering.pdf,false,course_code|classification|competency_tags,year_level|semester|course_title|lec_hours|lab_hours|units|prerequisites|cmo_reference|cmo_ver,course_code/classification/competency_tags are NOT in CMO 87; double-check before SAGE prod seed
BSCPE,Bachelor of Science in Computer Engineering,2017,87,"CMO No. 87, Series of 2017",2017-87,AY 2018-2019,2,1,GEC201,Art Appreciation,3,0,3,,core_gened,art|appreciation,canonical,ched_cmo,downloads/2017/CMO-87-s.-2017-BS-Computer-Engineering.pdf,false,course_code|classification|competency_tags,year_level|semester|course_title|lec_hours|lab_hours|units|prerequisites|cmo_reference|cmo_ver,course_code/classification/competency_tags are NOT in CMO 87; double-check before SAGE prod seed
BSCPE,Bachelor of Science in Computer Engineering,2017,87,"CMO No. 87, Series of 2017",2017-87,AY 2018-2019,2,1,CPE201,Data Structures and Algorithms,0,6,2,Object Oriented Programming,program_specific,data structures|algorithms,canonical,ched_cmo,downloads/2017/CMO-87-s.-2017-BS-Computer-Engineering.pdf,false,course_code|classification|competency_tags,year_level|semester|course_title|lec_hours|lab_hours|units|prerequisites|cmo_reference|cmo_ver,course_code/classification/competency_tags are NOT in CMO 87; double-check before SAGE prod seed
BSCPE,Bachelor of Science in Computer Engineering,2017,87,"CMO No. 87, Series of 2017",2017-87,AY 2018-2019,2,1,ENGR201,Engineering Economics,3,0,3,2nd Year Standing,shared_major,economics|engineering management,canonical,ched_cmo,downloads/2017/CMO-87-s.-2017-BS-Computer-Engineering.pdf,false,course_code|classification|competency_tags,year_level|semester|course_title|lec_hours|lab_hours|units|prerequisites|cmo_reference|cmo_ver,course_code/classification/competency_tags are NOT in CMO 87; double-check before SAGE prod seed
BSCPE,Bachelor of Science in Computer Engineering,2017,87,"CMO No. 87, Series of 2017",2017-87,AY 2018-2019,2,1,CPE202,Fundamentals of Electrical Circuits,3,3,4,Physics for Engineers,program_specific,circuits|electrical,canonical,ched_cmo,downloads/2017/CMO-87-s.-2017-BS-Computer-Engineering.pdf,false,course_code|classification|competency_tags,year_level|semester|course_title|lec_hours|lab_hours|units|prerequisites|cmo_reference|cmo_ver,course_code/classification/competency_tags are NOT in CMO 87; double-check before SAGE prod seed
BSCPE,Bachelor of Science in Computer Engineering,2017,87,"CMO No. 87, Series of 2017",2017-87,AY 2018-2019,2,1,GEC202,GEC Elective 1,3,0,3,,elective,general education|elective,canonical,ched_cmo,downloads/2017/CMO-87-s.-2017-BS-Computer-Engineering.pdf,false,course_code|classification|competency_tags,year_level|semester|course_title|lec_hours|lab_hours|units|prerequisites|cmo_reference|cmo_ver,course_code/classification/competency_tags are NOT in CMO 87; double-check before SAGE prod seed
BSCPE,Bachelor of Science in Computer Engineering,2017,87,"CMO No. 87, Series of 2017",2017-87,AY 2018-2019,2,1,ENGR202,Computer-Aided Drafting,0,3,1,2nd Year Standing,shared_major,cad|drafting,canonical,ched_cmo,downloads/2017/CMO-87-s.-2017-BS-Computer-Engineering.pdf,false,course_code|classification|competency_tags,year_level|semester|course_title|lec_hours|lab_hours|units|prerequisites|cmo_reference|cmo_ver,course_code/classification/competency_tags are NOT in CMO 87; double-check before SAGE prod seed
BSCPE,Bachelor of Science in Computer Engineering,2017,87,"CMO No. 87, Series of 2017",2017-87,AY 2018-2019,2,1,PE201,Physical Education 3,2,0,2,Physical Education 2,core_gened,physical education,canonical,ched_cmo,downloads/2017/CMO-87-s.-2017-BS-Computer-Engineering.pdf,false,course_code|classification|competency_tags,year_level|semester|course_title|lec_hours|lab_hours|units|prerequisites|cmo_reference|cmo_ver,course_code/classification/competency_tags are NOT in CMO 87; double-check before SAGE prod seed
BSCPE,Bachelor of Science in Computer Engineering,2017,87,"CMO No. 87, Series of 2017",2017-87,AY 2018-2019,2,2,MATH202,Numerical Methods,3,0,3,Differential Equations,shared_major,numerical methods|algorithms,canonical,ched_cmo,downloads/2017/CMO-87-s.-2017-BS-Computer-Engineering.pdf,false,course_code|classification|competency_tags,year_level|semester|course_title|lec_hours|lab_hours|units|prerequisites|cmo_reference|cmo_ver,course_code/classification/competency_tags are NOT in CMO 87; double-check before SAGE prod seed
BSCPE,Bachelor of Science in Computer Engineering,2017,87,"CMO No. 87, Series of 2017",2017-87,AY 2018-2019,2,2,CPE203,Software Design,3,3,4,Data Structures and Algorithms,program_specific,software design|engineering,canonical,ched_cmo,downloads/2017/CMO-87-s.-2017-BS-Computer-Engineering.pdf,false,course_code|classification|competency_tags,year_level|semester|course_title|lec_hours|lab_hours|units|prerequisites|cmo_reference|cmo_ver,course_code/classification/competency_tags are NOT in CMO 87; double-check before SAGE prod seed
BSCPE,Bachelor of Science in Computer Engineering,2017,87,"CMO No. 87, Series of 2017",2017-87,AY 2018-2019,2,2,GEC203,Purposive Communication,3,0,3,,core_gened,communication|writing,canonical,ched_cmo,downloads/2017/CMO-87-s.-2017-BS-Computer-Engineering.pdf,false,course_code|classification|competency_tags,year_level|semester|course_title|lec_hours|lab_hours|units|prerequisites|cmo_reference|cmo_ver,course_code/classification/competency_tags are NOT in CMO 87; double-check before SAGE prod seed
BSCPE,Bachelor of Science in Computer Engineering,2017,87,"CMO No. 87, Series of 2017",2017-87,AY 2018-2019,2,2,CPE204,Fundamentals of Electronic Circuits,3,3,4,Fundamentals of Electrical Circuits,program_specific,electronics|circuits,canonical,ched_cmo,downloads/2017/CMO-87-s.-2017-BS-Computer-Engineering.pdf,false,course_code|classification|competency_tags,year_level|semester|course_title|lec_hours|lab_hours|units|prerequisites|cmo_reference|cmo_ver,course_code/classification/competency_tags are NOT in CMO 87; double-check before SAGE prod seed
BSCPE,Bachelor of Science in Computer Engineering,2017,87,"CMO No. 87, Series of 2017",2017-87,AY 2018-2019,2,2,GEC204,Life and Works of Rizal,3,0,3,,core_gened,rizal|philippine history,canonical,ched_cmo,downloads/2017/CMO-87-s.-2017-BS-Computer-Engineering.pdf,false,course_code|classification|competency_tags,year_level|semester|course_title|lec_hours|lab_hours|units|prerequisites|cmo_reference|cmo_ver,course_code/classification/competency_tags are NOT in CMO 87; double-check before SAGE prod seed
BSCPE,Bachelor of Science in Computer Engineering,2017,87,"CMO No. 87, Series of 2017",2017-87,AY 2018-2019,2,2,PE202,Physical Education 4,2,0,2,Physical Education 3,core_gened,physical education,canonical,ched_cmo,downloads/2017/CMO-87-s.-2017-BS-Computer-Engineering.pdf,false,course_code|classification|competency_tags,year_level|semester|course_title|lec_hours|lab_hours|units|prerequisites|cmo_reference|cmo_ver,course_code/classification/competency_tags are NOT in CMO 87; double-check before SAGE prod seed
BSCPE,Bachelor of Science in Computer Engineering,2017,87,"CMO No. 87, Series of 2017",2017-87,AY 2018-2019,2,2,GEC205,The Contemporary World,3,0,3,,core_gened,globalization|society,canonical,ched_cmo,downloads/2017/CMO-87-s.-2017-BS-Computer-Engineering.pdf,false,course_code|classification|competency_tags,year_level|semester|course_title|lec_hours|lab_hours|units|prerequisites|cmo_reference|cmo_ver,course_code/classification/competency_tags are NOT in CMO 87; double-check before SAGE prod seed
BSCPE,Bachelor of Science in Computer Engineering,2017,87,"CMO No. 87, Series of 2017",2017-87,AY 2018-2019,3,1,CPE301,Logic Circuits and Design,3,3,4,Fundamentals of Electronic Circuits,program_specific,digital logic|hdl,canonical,ched_cmo,downloads/2017/CMO-87-s.-2017-BS-Computer-Engineering.pdf,false,course_code|classification|competency_tags,year_level|semester|course_title|lec_hours|lab_hours|units|prerequisites|cmo_reference|cmo_ver,course_code/classification/competency_tags are NOT in CMO 87; double-check before SAGE prod seed
BSCPE,Bachelor of Science in Computer Engineering,2017,87,"CMO No. 87, Series of 2017",2017-87,AY 2018-2019,3,1,CPE302,Operating Systems,3,0,3,Data Structures and Algorithms,program_specific,operating systems,canonical,ched_cmo,downloads/2017/CMO-87-s.-2017-BS-Computer-Engineering.pdf,false,course_code|classification|competency_tags,year_level|semester|course_title|lec_hours|lab_hours|units|prerequisites|cmo_reference|cmo_ver,course_code/classification/competency_tags are NOT in CMO 87; double-check before SAGE prod seed
BSCPE,Bachelor of Science in Computer Engineering,2017,87,"CMO No. 87, Series of 2017",2017-87,AY 2018-2019,3,1,CPE303,Data and Digital Communications,3,0,3,Fundamentals of Electronic Circuits,program_specific,communications|signals,canonical,ched_cmo,downloads/2017/CMO-87-s.-2017-BS-Computer-Engineering.pdf,false,course_code|classification|competency_tags,year_level|semester|course_title|lec_hours|lab_hours|units|prerequisites|cmo_reference|cmo_ver,course_code/classification/competency_tags are NOT in CMO 87; double-check before SAGE prod seed
BSCPE,Bachelor of Science in Computer Engineering,2017,87,"CMO No. 87, Series of 2017",2017-87,AY 2018-2019,3,1,CPE304,Introduction to HDL,0,3,1,Programming Logic and Design; Fundamentals of Electronic Circuits,program_specific,hdl|verilog|vhdl,canonical,ched_cmo,downloads/2017/CMO-87-s.-2017-BS-Computer-Engineering.pdf,false,course_code|classification|competency_tags,year_level|semester|course_title|lec_hours|lab_hours|units|prerequisites|cmo_reference|cmo_ver,course_code/classification/competency_tags are NOT in CMO 87; double-check before SAGE prod seed
BSCPE,Bachelor of Science in Computer Engineering,2017,87,"CMO No. 87, Series of 2017",2017-87,AY 2018-2019,3,1,CPE305,Feedback and Control Systems,3,0,3,Numerical Methods; Fundamentals of Electrical Circuits,program_specific,control systems,canonical,ched_cmo,downloads/2017/CMO-87-s.-2017-BS-Computer-Engineering.pdf,false,course_code|classification|competency_tags,year_level|semester|course_title|lec_hours|lab_hours|units|prerequisites|cmo_reference|cmo_ver,course_code/classification/competency_tags are NOT in CMO 87; double-check before SAGE prod seed
BSCPE,Bachelor of Science in Computer Engineering,2017,87,"CMO No. 87, Series of 2017",2017-87,AY 2018-2019,3,1,CPE306,Fundamentals of Mixed Signals and Sensors,3,0,3,Fundamentals of Electronic Circuits,program_specific,sensors|mixed signal,canonical,ched_cmo,downloads/2017/CMO-87-s.-2017-BS-Computer-Engineering.pdf,false,course_code|classification|competency_tags,year_level|semester|course_title|lec_hours|lab_hours|units|prerequisites|cmo_reference|cmo_ver,course_code/classification/competency_tags are NOT in CMO 87; double-check before SAGE prod seed
BSCPE,Bachelor of Science in Computer Engineering,2017,87,"CMO No. 87, Series of 2017",2017-87,AY 2018-2019,3,1,CPE307,Computer Engineering Drafting and Design,0,3,1,Fundamentals of Electronic Circuits,program_specific,drafting|design,canonical,ched_cmo,downloads/2017/CMO-87-s.-2017-BS-Computer-Engineering.pdf,false,course_code|classification|competency_tags,year_level|semester|course_title|lec_hours|lab_hours|units|prerequisites|cmo_reference|cmo_ver,course_code/classification/competency_tags are NOT in CMO 87; double-check before SAGE prod seed
BSCPE,Bachelor of Science in Computer Engineering,2017,87,"CMO No. 87, Series of 2017",2017-87,AY 2018-2019,3,1,CPE308,Cognate / Elective Course 1,3,0,3,3rd Year Standing,elective,cognate|elective,canonical,ched_cmo,downloads/2017/CMO-87-s.-2017-BS-Computer-Engineering.pdf,false,course_code|classification|competency_tags,year_level|semester|course_title|lec_hours|lab_hours|units|prerequisites|cmo_reference|cmo_ver,course_code/classification/competency_tags are NOT in CMO 87; double-check before SAGE prod seed
BSCPE,Bachelor of Science in Computer Engineering,2017,87,"CMO No. 87, Series of 2017",2017-87,AY 2018-2019,3,2,CPE309,Basic Occupational Health and Safety,3,0,3,3rd Year Standing,program_specific,safety|occupational health,canonical,ched_cmo,downloads/2017/CMO-87-s.-2017-BS-Computer-Engineering.pdf,false,course_code|classification|competency_tags,year_level|semester|course_title|lec_hours|lab_hours|units|prerequisites|cmo_reference|cmo_ver,course_code/classification/competency_tags are NOT in CMO 87; double-check before SAGE prod seed
BSCPE,Bachelor of Science in Computer Engineering,2017,87,"CMO No. 87, Series of 2017",2017-87,AY 2018-2019,3,2,CPE310,Computer Networks and Security,3,3,4,Data and Digital Communications,program_specific,networks|security,canonical,ched_cmo,downloads/2017/CMO-87-s.-2017-BS-Computer-Engineering.pdf,false,course_code|classification|competency_tags,year_level|semester|course_title|lec_hours|lab_hours|units|prerequisites|cmo_reference|cmo_ver,course_code/classification/competency_tags are NOT in CMO 87; double-check before SAGE prod seed
BSCPE,Bachelor of Science in Computer Engineering,2017,87,"CMO No. 87, Series of 2017",2017-87,AY 2018-2019,3,2,CPE311,Microprocessors,3,3,4,Logic Circuits and Design,program_specific,microprocessors|architecture,canonical,ched_cmo,downloads/2017/CMO-87-s.-2017-BS-Computer-Engineering.pdf,false,course_code|classification|competency_tags,year_level|semester|course_title|lec_hours|lab_hours|units|prerequisites|cmo_reference|cmo_ver,course_code/classification/competency_tags are NOT in CMO 87; double-check before SAGE prod seed
BSCPE,Bachelor of Science in Computer Engineering,2017,87,"CMO No. 87, Series of 2017",2017-87,AY 2018-2019,3,2,CPE312,Methods of Research,2,0,2,Engineering Data Analysis; Purposive Communication; Logic Circuits and Design,program_specific,research|methods,canonical,ched_cmo,downloads/2017/CMO-87-s.-2017-BS-Computer-Engineering.pdf,false,course_code|classification|competency_tags,year_level|semester|course_title|lec_hours|lab_hours|units|prerequisites|cmo_reference|cmo_ver,course_code/classification/competency_tags are NOT in CMO 87; double-check before SAGE prod seed
BSCPE,Bachelor of Science in Computer Engineering,2017,87,"CMO No. 87, Series of 2017",2017-87,AY 2018-2019,3,2,CPE313,Technopreneurship,3,0,3,3rd Year Standing,program_specific,technopreneurship|startup,canonical,ched_cmo,downloads/2017/CMO-87-s.-2017-BS-Computer-Engineering.pdf,false,course_code|classification|competency_tags,year_level|semester|course_title|lec_hours|lab_hours|units|prerequisites|cmo_reference|cmo_ver,course_code/classification/competency_tags are NOT in CMO 87; double-check before SAGE prod seed
BSCPE,Bachelor of Science in Computer Engineering,2017,87,"CMO No. 87, Series of 2017",2017-87,AY 2018-2019,3,2,GEC301,Ethics,3,0,3,,core_gened,ethics|values,canonical,ched_cmo,downloads/2017/CMO-87-s.-2017-BS-Computer-Engineering.pdf,false,course_code|classification|competency_tags,year_level|semester|course_title|lec_hours|lab_hours|units|prerequisites|cmo_reference|cmo_ver,course_code/classification/competency_tags are NOT in CMO 87; double-check before SAGE prod seed
BSCPE,Bachelor of Science in Computer Engineering,2017,87,"CMO No. 87, Series of 2017",2017-87,AY 2018-2019,3,2,CPE314,CpE Laws and Professional Practice,2,0,2,3rd Year Standing,program_specific,professional practice|laws,canonical,ched_cmo,downloads/2017/CMO-87-s.-2017-BS-Computer-Engineering.pdf,false,course_code|classification|competency_tags,year_level|semester|course_title|lec_hours|lab_hours|units|prerequisites|cmo_reference|cmo_ver,course_code/classification/competency_tags are NOT in CMO 87; double-check before SAGE prod seed
BSCPE,Bachelor of Science in Computer Engineering,2017,87,"CMO No. 87, Series of 2017",2017-87,AY 2018-2019,3,2,CPE315,Cognate / Elective Course 2,3,0,3,Cognate / Elective Course 1,elective,cognate|elective,canonical,ched_cmo,downloads/2017/CMO-87-s.-2017-BS-Computer-Engineering.pdf,false,course_code|classification|competency_tags,year_level|semester|course_title|lec_hours|lab_hours|units|prerequisites|cmo_reference|cmo_ver,course_code/classification/competency_tags are NOT in CMO 87; double-check before SAGE prod seed
BSCPE,Bachelor of Science in Computer Engineering,2017,87,"CMO No. 87, Series of 2017",2017-87,AY 2018-2019,4,1,CPE401,Embedded Systems,3,3,4,Microprocessors,program_specific,embedded systems,canonical,ched_cmo,downloads/2017/CMO-87-s.-2017-BS-Computer-Engineering.pdf,false,course_code|classification|competency_tags,year_level|semester|course_title|lec_hours|lab_hours|units|prerequisites|cmo_reference|cmo_ver,course_code/classification/competency_tags are NOT in CMO 87; double-check before SAGE prod seed
BSCPE,Bachelor of Science in Computer Engineering,2017,87,"CMO No. 87, Series of 2017",2017-87,AY 2018-2019,4,1,CPE402,Computer Architecture and Organization,3,3,4,Microprocessors,program_specific,computer architecture,canonical,ched_cmo,downloads/2017/CMO-87-s.-2017-BS-Computer-Engineering.pdf,false,course_code|classification|competency_tags,year_level|semester|course_title|lec_hours|lab_hours|units|prerequisites|cmo_reference|cmo_ver,course_code/classification/competency_tags are NOT in CMO 87; double-check before SAGE prod seed
BSCPE,Bachelor of Science in Computer Engineering,2017,87,"CMO No. 87, Series of 2017",2017-87,AY 2018-2019,4,1,CPE403,Emerging Technologies in CpE,3,0,3,4th Year Standing,program_specific,emerging technologies,canonical,ched_cmo,downloads/2017/CMO-87-s.-2017-BS-Computer-Engineering.pdf,false,course_code|classification|competency_tags,year_level|semester|course_title|lec_hours|lab_hours|units|prerequisites|cmo_reference|cmo_ver,course_code/classification/competency_tags are NOT in CMO 87; double-check before SAGE prod seed
BSCPE,Bachelor of Science in Computer Engineering,2017,87,"CMO No. 87, Series of 2017",2017-87,AY 2018-2019,4,1,CPE404,CpE Practice and Design 1,0,3,1,Microprocessors; Methods of Research,program_specific,design project|capstone,canonical,ched_cmo,downloads/2017/CMO-87-s.-2017-BS-Computer-Engineering.pdf,false,course_code|classification|competency_tags,year_level|semester|course_title|lec_hours|lab_hours|units|prerequisites|cmo_reference|cmo_ver,course_code/classification/competency_tags are NOT in CMO 87; double-check before SAGE prod seed
BSCPE,Bachelor of Science in Computer Engineering,2017,87,"CMO No. 87, Series of 2017",2017-87,AY 2018-2019,4,1,CPE405,Digital Signal Processing,3,3,4,Feedback and Control Systems,program_specific,dsp|signals,canonical,ched_cmo,downloads/2017/CMO-87-s.-2017-BS-Computer-Engineering.pdf,false,course_code|classification|competency_tags,year_level|semester|course_title|lec_hours|lab_hours|units|prerequisites|cmo_reference|cmo_ver,course_code/classification/competency_tags are NOT in CMO 87; double-check before SAGE prod seed
BSCPE,Bachelor of Science in Computer Engineering,2017,87,"CMO No. 87, Series of 2017",2017-87,AY 2018-2019,4,1,GEC401,GEC Elective 2,3,0,3,,elective,general education|elective,canonical,ched_cmo,downloads/2017/CMO-87-s.-2017-BS-Computer-Engineering.pdf,false,course_code|classification|competency_tags,year_level|semester|course_title|lec_hours|lab_hours|units|prerequisites|cmo_reference|cmo_ver,course_code/classification/competency_tags are NOT in CMO 87; double-check before SAGE prod seed
BSCPE,Bachelor of Science in Computer Engineering,2017,87,"CMO No. 87, Series of 2017",2017-87,AY 2018-2019,4,1,CPE406,Cognate / Elective Course 3,3,0,3,Cognate / Elective Course 2,elective,cognate|elective,canonical,ched_cmo,downloads/2017/CMO-87-s.-2017-BS-Computer-Engineering.pdf,false,course_code|classification|competency_tags,year_level|semester|course_title|lec_hours|lab_hours|units|prerequisites|cmo_reference|cmo_ver,course_code/classification/competency_tags are NOT in CMO 87; double-check before SAGE prod seed
BSCPE,Bachelor of Science in Computer Engineering,2017,87,"CMO No. 87, Series of 2017",2017-87,AY 2018-2019,4,2,CPE407,CpE Practice and Design 2,0,6,2,CpE Practice and Design 1,program_specific,design project|capstone,canonical,ched_cmo,downloads/2017/CMO-87-s.-2017-BS-Computer-Engineering.pdf,false,course_code|classification|competency_tags,year_level|semester|course_title|lec_hours|lab_hours|units|prerequisites|cmo_reference|cmo_ver,course_code/classification/competency_tags are NOT in CMO 87; double-check before SAGE prod seed
BSCPE,Bachelor of Science in Computer Engineering,2017,87,"CMO No. 87, Series of 2017",2017-87,AY 2018-2019,4,2,CPE408,Seminars and Fieldtrips,0,3,1,4th Year Standing,program_specific,seminars|fieldtrips,canonical,ched_cmo,downloads/2017/CMO-87-s.-2017-BS-Computer-Engineering.pdf,false,course_code|classification|competency_tags,year_level|semester|course_title|lec_hours|lab_hours|units|prerequisites|cmo_reference|cmo_ver,course_code/classification/competency_tags are NOT in CMO 87; double-check before SAGE prod seed
BSCPE,Bachelor of Science in Computer Engineering,2017,87,"CMO No. 87, Series of 2017",2017-87,AY 2018-2019,4,2,CPE409,On the Job Training,0,240,3,4th Year Standing,program_specific,ojt|internship,canonical,ched_cmo,downloads/2017/CMO-87-s.-2017-BS-Computer-Engineering.pdf,false,course_code|classification|competency_tags,year_level|semester|course_title|lec_hours|lab_hours|units|prerequisites|cmo_reference|cmo_ver,course_code/classification/competency_tags are NOT in CMO 87; double-check before SAGE prod seed
BSCPE,Bachelor of Science in Computer Engineering,2017,87,"CMO No. 87, Series of 2017",2017-87,AY 2018-2019,4,2,GEC402,GEC Elective 3,3,0,3,,elective,general education|elective,canonical,ched_cmo,downloads/2017/CMO-87-s.-2017-BS-Computer-Engineering.pdf,false,course_code|classification|competency_tags,year_level|semester|course_title|lec_hours|lab_hours|units|prerequisites|cmo_reference|cmo_ver,course_code/classification/competency_tags are NOT in CMO 87; double-check before SAGE prod seed
